epoch,acc,loss,val_acc,val_loss
0,0.504097580909729,0.6995987296104431,0.5056656002998352,0.6931840181350708
1,0.5060774683952332,0.6930636167526245,0.5076994895935059,0.6929857730865479
2,0.5071178674697876,0.6929966807365417,0.5087114572525024,0.6929247975349426
3,0.5078346729278564,0.692962110042572,0.5081276297569275,0.6929542422294617
4,0.5084104537963867,0.6929364800453186,0.5090871453285217,0.6929198503494263
